{
    "loss": [
        0.24816791713237762,
        0.11722860485315323,
        0.10395675152540207,
        0.08695060759782791,
        0.07548068463802338,
        0.07374010235071182,
        0.07171560823917389,
        0.06287609040737152,
        0.051558248698711395,
        0.04949900880455971,
        0.04452644661068916,
        0.04170321673154831,
        0.039172977209091187,
        0.032109156250953674,
        0.03647379204630852,
        0.028318211436271667,
        0.02940751239657402,
        0.030161377042531967,
        0.04154355823993683,
        0.028870131820440292,
        0.028654487803578377,
        0.020591670647263527,
        0.015363790094852448,
        0.02068910002708435,
        0.018561439588665962,
        0.021788854151964188,
        0.018065718933939934,
        0.018104292452335358,
        0.008955197408795357,
        0.020496487617492676,
        0.022293295711278915,
        0.022291630506515503,
        0.015025867149233818,
        0.01300699170678854,
        0.018562613055109978,
        0.011883226223289967,
        0.008881041780114174,
        0.01224807184189558,
        0.01013228390365839,
        0.014867634512484074,
        0.008755453862249851,
        0.015253808349370956,
        0.020200364291667938,
        0.005917852278798819,
        0.008377430960536003,
        0.017014212906360626,
        0.012017948552966118,
        0.009539476595818996,
        0.020167186856269836,
        0.009272036142647266,
        0.011300179176032543,
        0.0058919996954500675,
        0.004177970811724663,
        0.009275098331272602,
        0.01729942113161087,
        0.012561900541186333,
        0.00734063982963562,
        0.008605091832578182,
        0.005376920104026794,
        0.017912432551383972,
        0.005078553222119808,
        0.0083809494972229,
        0.009284608997404575,
        0.010030854493379593,
        0.012331545352935791,
        0.012855248525738716,
        0.006705055013298988,
        0.01131326425820589,
        0.006502767093479633,
        0.005154816899448633
    ],
    "accuracy": [
        0.8972392678260803,
        0.9589723944664001,
        0.9633818864822388,
        0.9666411280632019,
        0.9712423086166382,
        0.9683665633201599,
        0.9699003100395203,
        0.974693238735199,
        0.9794861674308777,
        0.9819785356521606,
        0.9796779155731201,
        0.9854294657707214,
        0.9854294657707214,
        0.9884969592094421,
        0.9861963391304016,
        0.98945552110672,
        0.9890720844268799,
        0.988113522529602,
        0.9854294657707214,
        0.98945552110672,
        0.9904140830039978,
        0.9919478297233582,
        0.995398759841919,
        0.9929064512252808,
        0.9942484498023987,
        0.991180956363678,
        0.9929064512252808,
        0.9932898879051208,
        0.9969325065612793,
        0.9923312664031982,
        0.9921395778656006,
        0.9930981397628784,
        0.9948236346244812,
        0.9961656332015991,
        0.9944401979446411,
        0.9963573813438416,
        0.9969325065612793,
        0.9963573813438416,
        0.9959739446640015,
        0.9942484498023987,
        0.9963573813438416,
        0.9967408180236816,
        0.9927147030830383,
        0.998274564743042,
        0.9969325065612793,
        0.9934815764427185,
        0.9955905079841614,
        0.9971242547035217,
        0.9952070713043213,
        0.9971242547035217,
        0.9961656332015991,
        0.9967408180236816,
        0.998274564743042,
        0.9961656332015991,
        0.9952070713043213,
        0.995782196521759,
        0.9975076913833618,
        0.9971242547035217,
        0.9980828166007996,
        0.9946318864822388,
        0.9984662532806396,
        0.9967408180236816,
        0.9969325065612793,
        0.9973159432411194,
        0.9955905079841614,
        0.9963573813438416,
        0.9978911280632019,
        0.9963573813438416,
        0.998274564743042,
        0.9984662532806396
    ],
    "precision": [
        0.9168539047241211,
        0.9723870754241943,
        0.975723147392273,
        0.9770559668540955,
        0.980149507522583,
        0.9790805578231812,
        0.9808587431907654,
        0.9837167263031006,
        0.9863190650939941,
        0.9861146807670593,
        0.9845718741416931,
        0.9884288907051086,
        0.9896880388259888,
        0.9922580718994141,
        0.9899510145187378,
        0.9937952160835266,
        0.9927723407745361,
        0.9922540783882141,
        0.9924812316894531,
        0.9932851195335388,
        0.9943137764930725,
        0.9940706491470337,
        0.9971598386764526,
        0.9956095218658447,
        0.996129035949707,
        0.9935550689697266,
        0.995353639125824,
        0.9958677887916565,
        0.9976786375045776,
        0.9945834279060364,
        0.9940721392631531,
        0.9953548312187195,
        0.9963880181312561,
        0.9974193572998047,
        0.9963861703872681,
        0.9969072341918945,
        0.9981926083564758,
        0.9971634745597839,
        0.9971620440483093,
        0.9966416954994202,
        0.9979338645935059,
        0.9981921315193176,
        0.9943313598632812,
        0.9994832277297974,
        0.9979354739189148,
        0.9958688616752625,
        0.9971605539321899,
        0.9984503984451294,
        0.9966460466384888,
        0.998193085193634,
        0.9974193572998047,
        0.9984496235847473,
        0.998710036277771,
        0.9976761937141418,
        0.9963898658752441,
        0.9966486096382141,
        0.99896639585495,
        0.9984503984451294,
        0.9984524250030518,
        0.9956197142601013,
        0.999225378036499,
        0.9984496235847473,
        0.99870765209198,
        0.9981935620307922,
        0.9966477751731873,
        0.9976768493652344,
        0.9981949329376221,
        0.9974200129508972,
        0.9984527826309204,
        0.9984531998634338
    ],