{
    "loss": [
        0.4549136161804199,
        0.3668321371078491,
        0.29091256856918335,
        0.24344700574874878,
        0.2278752475976944,
        0.2091400921344757,
        0.1869976967573166,
        0.19080369174480438,
        0.19387617707252502,
        0.1698458045721054,
        0.19593282043933868,
        0.15415576100349426,
        0.15046651661396027,
        0.1832069456577301,
        0.1664016991853714,
        0.1597725749015808,
        0.1520221084356308,
        0.14437009394168854,
        0.13610973954200745,
        0.13221442699432373,
        0.12427625805139542,
        0.11587977409362793,
        0.13659049570560455,
        0.11524563282728195,
        0.11507624387741089,
        0.12289168685674667,
        0.10916201025247574,
        0.11552617698907852,
        0.10763539373874664,
        0.1048789694905281,
        0.12499439716339111,
        0.10279986262321472,
        0.1059594452381134,
        0.09886177629232407,
        0.09764699637889862,
        0.11262360215187073,
        0.13814640045166016,
        0.09983842074871063,
        0.1036953404545784,
        0.08283086866140366,
        0.10220295935869217,
        0.09194207936525345,
        0.08720077574253082,
        0.10053853690624237,
        0.07495348155498505,
        0.09081097692251205,
        0.07785024493932724,
        0.08732110261917114,
        0.08306146413087845,
        0.18110397458076477,
        0.13458681106567383,
        0.10933002084493637,
        0.11058271676301956,
        0.0988103449344635,
        0.07808857411146164,
        0.07270552963018417,
        0.0716632604598999,
        0.09047166258096695,
        0.07370220124721527,
        0.0789724737405777,
        0.07237143069505692,
        0.08149305731058121,
        0.07046254724264145,
        0.08645167946815491,
        0.06994049996137619,
        0.09368855506181717,
        0.10781022161245346,
        0.07318101823329926,
        0.10027462989091873,
        0.3274780809879303
    ],
    "accuracy": [
        0.8017638325691223,
        0.8412576913833618,
        0.8832438588142395,
        0.8993481397628784,
        0.9120015501976013,
        0.9192867875099182,
        0.9307898879051208,
        0.9277223944664001,
        0.933282196521759,
        0.9365414381027222,
        0.9221625924110413,
        0.9396088719367981,
        0.9403757452964783,
        0.9288727045059204,
        0.9340490698814392,
        0.9396088719367981,
        0.9438266754150391,
        0.943443238735199,
        0.9474693536758423,
        0.9505367875099182,
        0.9491947889328003,
        0.9559049010276794,
        0.9449769854545593,
        0.9578220844268799,
        0.9597392678260803,
        0.952262282371521,
        0.9591640830039978,
        0.9557132124900818,
        0.9587806463241577,
        0.9589723944664001,
        0.9543711543083191,
        0.9597392678260803,
        0.9618481397628784,
        0.9626150131225586,
        0.964148759841919,
        0.9605061411857605,
        0.946319043636322,
        0.9620398879051208,
        0.9618481397628784,
        0.9675996899604797,
        0.9603143930435181,
        0.964532196521759,
        0.9691334366798401,
        0.9652990698814392,
        0.972967803478241,
        0.9664493799209595,
        0.9710506200790405,
        0.9662576913833618,
        0.9660659432411194,
        0.9267638325691223,
        0.9555214643478394,
        0.9651073813438416,
        0.9605061411857605,
        0.9656825065612793,
        0.9720091819763184,
        0.9725843667984009,
        0.9739263653755188,
        0.9677914381027222,
        0.9722009301185608,
        0.96875,
        0.9752684235572815,
        0.9697085618972778,
        0.9739263653755188,
        0.9699003100395203,
        0.9754601120948792,
        0.9629984498023987,
        0.9624233245849609,
        0.9725843667984009,
        0.9622315764427185,
        0.86445552110672
    ],
    "precision_1": [
        0.810899555683136,
        0.8800199627876282,
        0.9331564903259277,
        0.9382522106170654,
        0.9431759119033813,
        0.9488045573234558,
        0.9558899998664856,
        0.954994797706604,
        0.9553318023681641,
        0.9585921168327332,
        0.94303959608078,
        0.961857795715332,
        0.9583333134651184,
        0.9496920108795166,
        0.954908549785614,
        0.9550102353096008,
        0.9599383473396301,
        0.9578005075454712,
        0.9639268517494202,
        0.9635990858078003,
        0.9649665355682373,
        0.9676674604415894,
        0.9628483057022095,
        0.9665560126304626,
        0.9712008237838745,
        0.9641577005386353,
        0.9721505641937256,
        0.969103991985321,
        0.9697125554084778,
        0.9687579870223999,
        0.9688063859939575,
        0.9716859459877014,
        0.9734672904014587,
        0.9696273803710938,
        0.971129298210144,
        0.9731751084327698,
        0.9586629271507263,
        0.970565676689148,
        0.9691168665885925,
        0.9724630117416382,
        0.9666666388511658,
        0.9723502397537231,
        0.9766427278518677,
        0.9706931710243225,
        0.9770056009292603,
        0.9746023416519165,
        0.9776808619499207,
        0.9750834703445435,
        0.9733743071556091,
        0.9294320344924927,
        0.9591630697250366,
        0.974800705909729,
        0.9676268100738525,
        0.9728761315345764,
        0.9791827201843262,
        0.978216290473938,
        0.9824516177177429,
        0.973919689655304,
        0.9777151346206665,
        0.9751664400100708,
        0.9812435507774353,
        0.9781322479248047,
        0.9787452220916748,
        0.9742347002029419,
        0.9780556559562683,
        0.9682095646858215,
        0.9713041186332703,
        0.9784615635871887,
        0.9681771993637085,
        0.8636363744735718
    ],
    "recall_1": [
        0.9561290144920349,
        0.9104515910148621,
        0.9078709483146667,
        0.9254193305969238,
        0.9380645155906677,
        0.9421935677528381,
        0.9507097005844116,
        0.9473548531532288,
        0.9548386931419373,
        0.9558709859848022,
        0.952774167060852,
        0.9566451907157898,
        0.961548388004303,
        0.9548386931419373,
        0.9563871026039124,
        0.9641290307044983,
        0.9646451473236084,
        0.9664515852928162,
        0.965419352054596,
        0.9700645208358765,
        0.9667096734046936,
        0.9731612801551819,
        0.9630967974662781,
        0.9770322442054749,
        0.974709689617157,
        0.9718709588050842,
        0.9729032516479492,
        0.9713548421859741,
        0.9749677181243896,
        0.9762580394744873,
        0.969806432723999,
        0.9741935729980469,
        0.9752258062362671,
        0.9803870916366577,
        0.9809032082557678,
        0.973677396774292,
        0.9695484042167664,
        0.97858065366745,
        0.9798709750175476,
        0.9842580556869507,
        0.9803870916366577,
        0.9801290035247803,
        0.9819355010986328,
        0.982967734336853,
        0.986838698387146,
        0.9803870916366577,
        0.9834838509559631,
        0.9796128869056702,
        0.9811612963676453,
        0.9754838943481445,
        0.9819355010986328,
        0.9783225655555725,
        0.9796128869056702,
        0.9811612963676453,
        0.9832258224487305,
        0.9850322604179382,
        0.9824516177177429,
        0.982967734336853,
        0.9850322604179382,
        0.982967734336853,
        0.9855483770370483,
        0.9811612963676453,
        0.9863225817680359,
        0.9855483770370483,
        0.9891613125801086,
        0.9824516177177429,
        0.9783225655555725,
        0.9847741723060608,
        0.9814193844795227,
        0.970838725566864
    ],